Unnamed: 0,frame.number,frame.time,frame.len,frame.cap_len,sll.pkttype,sll.hatype,sll.halen,sll.src.eth,sll.unused,sll.etype,ip.hdr_len,ip.dsfield.ecn,ip.len,ip.id,ip.frag_offset,ip.ttl,ip.proto,ip.checksum,ip.src,ip.dst,tcp.hdr_len,tcp.len,tcp.srcport,tcp.dstport,tcp.seq,tcp.ack,tcp.flags.ns,tcp.flags.fin,tcp.window_size_value,tcp.checksum,tcp.urgent_pointer,tcp.option_kind,tcp.option_len,tcp.options.timestamp.tsval,tcp.options.timestamp.tsecr,udp.srcport,udp.dstport,udp.length,udp.checksum,gquic.puflags.rsv,gquic.packet_number,location
0,1,"Apr 30, 2019 19:07:17.184823000 CDT",886,68,4,1,6,98:f1:70:7c:4b:27,0000,0x00000800,20.0,0.0,870.0,0x00004405,0.0,64.0,6.0,0x00001eb4,10.145.31.196,162.125.8.7,32.0,818.0,59576.0,443.0,1.0,1.0,0.0,0.0,406.0,0x000016e0,0.0,"1,1,8",10,19415791.0,4190900276.0,,,,,,,EER
1,2,"Apr 30, 2019 19:07:17.207030000 CDT",68,68,0,1,6,00:6c:bc:1c:5f:b9,0000,0x00000800,20.0,0.0,52.0,0x00001556,0.0,55.0,6.0,0x0000594d,162.125.8.7,10.145.31.196,32.0,0.0,443.0,59576.0,1.0,819.0,0.0,0.0,66.0,0x0000ce00,0.0,"1,1,8",10,4190904398.0,19415791.0,,,,,,,EER
2,3,"Apr 30, 2019 19:07:17.338454000 CDT",550,68,0,1,6,00:6c:bc:1c:5f:b9,0000,0x00000800,20.0,0.0,534.0,0x00001557,0.0,55.0,6.0,0x0000576a,162.125.8.7,10.145.31.196,32.0,482.0,443.0,59576.0,1.0,819.0,0.0,0.0,66.0,0x00001382,0.0,"1,1,8",10,4190904525.0,19415791.0,,,,,,,EER
3,4,"Apr 30, 2019 19:07:17.338645000 CDT",102,68,0,1,6,00:6c:bc:1c:5f:b9,0000,0x00000800,20.0,0.0,86.0,0x00001558,0.0,55.0,6.0,0x00005929,162.125.8.7,10.145.31.196,32.0,34.0,443.0,59576.0,483.0,819.0,0.0,0.0,66.0,0x00005a59,0.0,"1,1,8",10,4190904525.0,19415791.0,,,,,,,EER
4,5,"Apr 30, 2019 19:07:17.340360000 CDT",68,68,4,1,6,98:f1:70:7c:4b:27,0000,0x00000800,20.0,0.0,52.0,0x00004406,0.0,64.0,6.0,0x000021e5,10.145.31.196,162.125.8.7,32.0,0.0,59576.0,443.0,819.0,517.0,0.0,0.0,415.0,0x0000d4ff,0.0,"1,1,8",10,19415838.0,4190904525.0,,,,,,,EER
5,6,"Apr 30, 2019 19:07:17.398784000 CDT",80,44,4,1,6,98:f1:70:7c:4b:27,0000,0x00000800,20.0,0.0,64.0,0x0000589f,0.0,64.0,17.0,0x00007e3c,10.145.31.196,128.83.185.41,,,,,,,,,,,,,,,,56035.0,53.0,44.0,0x00009d5d,,,EER
6,7,"Apr 30, 2019 19:07:17.399295000 CDT",80,44,4,1,6,98:f1:70:7c:4b:27,0000,0x00000800,20.0,0.0,64.0,0x000058a0,0.0,64.0,17.0,0x00007e3b,10.145.31.196,128.83.185.41,,,,,,,,,,,,,,,,48733.0,53.0,44.0,0x00009158,,,EER
7,8,"Apr 30, 2019 19:07:17.400595000 CDT",126,44,0,1,6,00:6c:bc:1c:5f:b9,0000,0x00000800,20.0,0.0,110.0,0x0000f478,0.0,62.0,17.0,0x000023ed,128.83.185.41,10.145.31.196,,,,,,,,,,,,,,,,53.0,56035.0,90.0,0x0000c3e8,,,EER
8,9,"Apr 30, 2019 19:07:17.400908000 CDT",126,44,0,1,6,00:6c:bc:1c:5f:b9,0000,0x00000800,20.0,0.0,110.0,0x0000f479,0.0,62.0,17.0,0x000023ec,128.83.185.41,10.145.31.196,,,,,,,,,,,,,,,,53.0,48733.0,90.0,0x0000b7e3,,,EER
9,10,"Apr 30, 2019 19:07:17.402842000 CDT",76,76,4,1,6,98:f1:70:7c:4b:27,0000,0x00000800,20.0,0.0,60.0,0x000001c6,0.0,64.0,6.0,0x0000641d,10.145.31.196,162.125.8.7,40.0,0.0,59581.0,443.0,0.0,0.0,0.0,0.0,65535.0,0x0000d507,0.0,"2,4,8,1,3","4,2,10,3",19415857.0,0.0,,,,,,,EER
10,11,"Apr 30, 2019 19:07:17.403504000 CDT",76,76,4,1,6,98:f1:70:7c:4b:27,0000,0x00000800,20.0,0.0,60.0,0x00009f6b,0.0,64.0,6.0,0x0000c677,10.145.31.196,162.125.8.7,40.0,0.0,59582.0,443.0,0.0,0.0,0.0,0.0,65535.0,0x0000d507,0.0,"2,4,8,1,3","4,2,10,3",19415857.0,0.0,,,,,,,EER
11,12,"Apr 30, 2019 19:07:17.404418000 CDT",76,76,4,1,6,98:f1:70:7c:4b:27,0000,0x00000800,20.0,0.0,60.0,0x0000b598,0.0,64.0,6.0,0x0000b04a,10.145.31.196,162.125.8.7,40.0,0.0,59583.0,443.0,0.0,0.0,0.0,0.0,65535.0,0x0000d507,0.0,"2,4,8,1,3","4,2,10,3",19415857.0,0.0,,,,,,,EER
12,13,"Apr 30, 2019 19:07:17.404733000 CDT",76,76,4,1,6,98:f1:70:7c:4b:27,0000,0x00000800,20.0,0.0,60.0,0x0000a799,0.0,64.0,6.0,0x0000be49,10.145.31.196,162.125.8.7,40.0,0.0,59584.0,443.0,0.0,0.0,0.0,0.0,65535.0,0x0000d507,0.0,"2,4,8,1,3","4,2,10,3",19415857.0,0.0,,,,,,,EER
13,14,"Apr 30, 2019 19:07:17.405554000 CDT",76,76,4,1,6,98:f1:70:7c:4b:27,0000,0x00000800,20.0,0.0,60.0,0x00006853,0.0,64.0,6.0,0x0000fd8f,10.145.31.196,162.125.8.7,40.0,0.0,59585.0,443.0,0.0,0.0,0.0,0.0,65535.0,0x0000d507,0.0,"2,4,8,1,3","4,2,10,3",19415858.0,0.0,,,,,,,EER
14,15,"Apr 30, 2019 19:07:17.412116000 CDT",76,76,0,1,6,00:6c:bc:1c:5f:b9,0000,0x00000800,20.0,0.0,60.0,0x00000000,0.0,55.0,6.0,0x00006e9b,162.125.8.7,10.145.31.196,40.0,0.0,443.0,59581.0,0.0,1.0,0.0,0.0,28560.0,0x00001667,0.0,"2,4,8,1,3","4,2,10,3",4190904603.0,19415857.0,,,,,,,EER
15,16,"Apr 30, 2019 19:07:17.412260000 CDT",68,68,4,1,6,98:f1:70:7c:4b:27,0000,0x00000800,20.0,0.0,52.0,0x000001c7,0.0,64.0,6.0,0x00006424,10.145.31.196,162.125.8.7,32.0,0.0,59581.0,443.0,1.0,1.0,0.0,0.0,343.0,0x0000d4ff,0.0,"1,1,8",10,19415860.0,4190904603.0,,,,,,,EER
16,17,"Apr 30, 2019 19:07:17.412820000 CDT",76,76,0,1,6,00:6c:bc:1c:5f:b9,0000,0x00000800,20.0,0.0,60.0,0x00000000,0.0,55.0,6.0,0x00006e9b,162.125.8.7,10.145.31.196,40.0,0.0,443.0,59582.0,0.0,1.0,0.0,0.0,28560.0,0x0000e557,0.0,"2,4,8,1,3","4,2,10,3",4190904604.0,19415857.0,,,,,,,EER
17,18,"Apr 30, 2019 19:07:17.412961000 CDT",68,68,4,1,6,98:f1:70:7c:4b:27,0000,0x00000800,20.0,0.0,52.0,0x00009f6c,0.0,64.0,6.0,0x0000c67e,10.145.31.196,162.125.8.7,32.0,0.0,59582.0,443.0,1.0,1.0,0.0,0.0,343.0,0x0000d4ff,0.0,"1,1,8",10,19415860.0,4190904604.0,,,,,,,EER
18,19,"Apr 30, 2019 19:07:17.413902000 CDT",76,76,0,1,6,00:6c:bc:1c:5f:b9,0000,0x00000800,20.0,0.0,60.0,0x00000000,0.0,55.0,6.0,0x00006e9b,162.125.8.7,10.145.31.196,40.0,0.0,443.0,59583.0,0.0,1.0,0.0,0.0,28560.0,0x0000e7eb,0.0,"2,4,8,1,3","4,2,10,3",4190904605.0,19415857.0,,,,,,,EER
19,20,"Apr 30, 2019 19:07:17.414009000 CDT",68,68,4,1,6,98:f1:70:7c:4b:27,0000,0x00000800,20.0,0.0,52.0,0x0000b599,0.0,64.0,6.0,0x0000b051,10.145.31.196,162.125.8.7,32.0,0.0,59583.0,443.0,1.0,1.0,0.0,0.0,343.0,0x0000d4ff,0.0,"1,1,8",10,19415860.0,4190904605.0,,,,,,,EER
20,21,"Apr 30, 2019 19:07:17.414035000 CDT",76,76,0,1,6,00:6c:bc:1c:5f:b9,0000,0x00000800,20.0,0.0,60.0,0x00000000,0.0,55.0,6.0,0x00006e9b,162.125.8.7,10.145.31.196,40.0,0.0,443.0,59584.0,0.0,1.0,0.0,0.0,28560.0,0x00005381,0.0,"2,4,8,1,3","4,2,10,3",4190904605.0,19415857.0,,,,,,,EER
21,22,"Apr 30, 2019 19:07:17.414097000 CDT",68,68,4,1,6,98:f1:70:7c:4b:27,0000,0x00000800,20.0,0.0,52.0,0x0000a79a,0.0,64.0,6.0,0x0000be50,10.145.31.196,162.125.8.7,32.0,0.0,59584.0,443.0,1.0,1.0,0.0,0.0,343.0,0x0000d4ff,0.0,"1,1,8",10,19415860.0,4190904605.0,,,,,,,EER
22,23,"Apr 30, 2019 19:07:17.414261000 CDT",225,68,4,1,6,98:f1:70:7c:4b:27,0000,0x00000800,20.0,0.0,209.0,0x00009f6d,0.0,64.0,6.0,0x0000c5e0,10.145.31.196,162.125.8.7,32.0,157.0,59582.0,443.0,1.0,1.0,0.0,0.0,343.0,0x00002a74,0.0,"1,1,8",10,19415860.0,4190904604.0,,,,,,,EER
23,24,"Apr 30, 2019 19:07:17.414414000 CDT",76,76,0,1,6,00:6c:bc:1c:5f:b9,0000,0x00000800,20.0,0.0,60.0,0x00000000,0.0,55.0,6.0,0x00006e9b,162.125.8.7,10.145.31.196,40.0,0.0,443.0,59585.0,0.0,1.0,0.0,0.0,28560.0,0x0000c734,0.0,"2,4,8,1,3","4,2,10,3",4190904606.0,19415858.0,,,,,,,EER
24,25,"Apr 30, 2019 19:07:17.414495000 CDT",68,68,4,1,6,98:f1:70:7c:4b:27,0000,0x00000800,20.0,0.0,52.0,0x00006854,0.0,64.0,6.0,0x0000fd96,10.145.31.196,162.125.8.7,32.0,0.0,59585.0,443.0,1.0,1.0,0.0,0.0,343.0,0x0000d4ff,0.0,"1,1,8",10,19415860.0,4190904606.0,,,,,,,EER
25,26,"Apr 30, 2019 19:07:17.414875000 CDT",225,68,4,1,6,98:f1:70:7c:4b:27,0000,0x00000800,20.0,0.0,209.0,0x0000b59a,0.0,64.0,6.0,0x0000afb3,10.145.31.196,162.125.8.7,32.0,157.0,59583.0,443.0,1.0,1.0,0.0,0.0,343.0,0x00000ed8,0.0,"1,1,8",10,19415860.0,4190904605.0,,,,,,,EER
26,27,"Apr 30, 2019 19:07:17.415307000 CDT",225,68,4,1,6,98:f1:70:7c:4b:27,0000,0x00000800,20.0,0.0,209.0,0x00006855,0.0,64.0,6.0,0x0000fcf8,10.145.31.196,162.125.8.7,32.0,157.0,59585.0,443.0,1.0,1.0,0.0,0.0,343.0,0x000020d6,0.0,"1,1,8",10,19415861.0,4190904606.0,,,,,,,EER
27,28,"Apr 30, 2019 19:07:17.415341000 CDT",225,68,4,1,6,98:f1:70:7c:4b:27,0000,0x00000800,20.0,0.0,209.0,0x000001c8,0.0,64.0,6.0,0x00006386,10.145.31.196,162.125.8.7,32.0,157.0,59581.0,443.0,1.0,1.0,0.0,0.0,343.0,0x0000a9dc,0.0,"1,1,8",10,19415861.0,4190904603.0,,,,,,,EER
28,29,"Apr 30, 2019 19:07:17.415479000 CDT",225,68,4,1,6,98:f1:70:7c:4b:27,0000,0x00000800,20.0,0.0,209.0,0x0000a79b,0.0,64.0,6.0,0x0000bdb2,10.145.31.196,162.125.8.7,32.0,157.0,59584.0,443.0,1.0,1.0,0.0,0.0,343.0,0x000071f3,0.0,"1,1,8",10,19415861.0,4190904605.0,,,,,,,EER
29,30,"Apr 30, 2019 19:07:17.423852000 CDT",68,68,0,1,6,00:6c:bc:1c:5f:b9,0000,0x00000800,20.0,0.0,52.0,0x00003a61,0.0,55.0,6.0,0x00003442,162.125.8.7,10.145.31.196,32.0,0.0,443.0,59582.0,1.0,158.0,0.0,0.0,58.0,0x000081ff,0.0,"1,1,8",10,4190904615.0,19415860.0,,,,,,,EER
30,31,"Apr 30, 2019 19:07:17.423944000 CDT",68,68,0,1,6,00:6c:bc:1c:5f:b9,0000,0x00000800,20.0,0.0,52.0,0x00000995,0.0,55.0,6.0,0x0000650e,162.125.8.7,10.145.31.196,32.0,0.0,443.0,59583.0,1.0,158.0,0.0,0.0,58.0,0x00008494,0.0,"1,1,8",10,4190904615.0,19415860.0,,,,,,,EER
31,32,"Apr 30, 2019 19:07:17.423985000 CDT",68,68,0,1,6,00:6c:bc:1c:5f:b9,0000,0x00000800,20.0,0.0,52.0,0x000096a9,0.0,55.0,6.0,0x0000d7f9,162.125.8.7,10.145.31.196,32.0,0.0,443.0,59585.0,1.0,158.0,0.0,0.0,58.0,0x000063de,0.0,"1,1,8",10,4190904615.0,19415861.0,,,,,,,EER
32,33,"Apr 30, 2019 19:07:17.424609000 CDT",68,68,0,1,6,00:6c:bc:1c:5f:b9,0000,0x00000800,20.0,0.0,52.0,0x00001975,0.0,55.0,6.0,0x0000552e,162.125.8.7,10.145.31.196,32.0,0.0,443.0,59581.0,1.0,158.0,0.0,0.0,58.0,0x0000b30b,0.0,"1,1,8",10,4190904616.0,19415861.0,,,,,,,EER
33,34,"Apr 30, 2019 19:07:17.424654000 CDT",68,68,0,1,6,00:6c:bc:1c:5f:b9,0000,0x00000800,20.0,0.0,52.0,0x00000543,0.0,55.0,6.0,0x00006960,162.125.8.7,10.145.31.196,32.0,0.0,443.0,59584.0,1.0,158.0,0.0,0.0,58.0,0x0000f027,0.0,"1,1,8",10,4190904616.0,19415861.0,,,,,,,EER
34,35,"Apr 30, 2019 19:07:17.426111000 CDT",1306,68,0,1,6,00:6c:bc:1c:5f:b9,0000,0x00000800,20.0,0.0,1290.0,0x00003a62,0.0,55.0,6.0,0x00002f6b,162.125.8.7,10.145.31.196,32.0,1238.0,443.0,59582.0,1.0,158.0,0.0,0.0,58.0,0x0000e66e,0.0,"1,1,8",10,4190904617.0,19415860.0,,,,,,,EER
35,36,"Apr 30, 2019 19:07:17.426179000 CDT",68,68,4,1,6,98:f1:70:7c:4b:27,0000,0x00000800,20.0,0.0,52.0,0x00009f6e,0.0,64.0,6.0,0x0000c67c,10.145.31.196,162.125.8.7,32.0,0.0,59582.0,443.0,158.0,1239.0,0.0,0.0,354.0,0x0000d4ff,0.0,"1,1,8",10,19415864.0,4190904617.0,,,,,,,EER
36,37,"Apr 30, 2019 19:07:17.426916000 CDT",1306,68,0,1,6,00:6c:bc:1c:5f:b9,0000,0x00000800,20.0,0.0,1290.0,0x00003a63,0.0,55.0,6.0,0x00002f6a,162.125.8.7,10.145.31.196,32.0,1238.0,443.0,59582.0,1239.0,158.0,0.0,0.0,58.0,0x0000ba4d,0.0,"1,1,8",10,4190904617.0,19415860.0,,,,,,,EER
37,38,"Apr 30, 2019 19:07:17.426979000 CDT",68,68,4,1,6,98:f1:70:7c:4b:27,0000,0x00000800,20.0,0.0,52.0,0x00009f6f,0.0,64.0,6.0,0x0000c67b,10.145.31.196,162.125.8.7,32.0,0.0,59582.0,443.0,158.0,2477.0,0.0,0.0,365.0,0x0000d4ff,0.0,"1,1,8",10,19415864.0,4190904617.0,,,,,,,EER
38,39,"Apr 30, 2019 19:07:17.427011000 CDT",1306,68,0,1,6,00:6c:bc:1c:5f:b9,0000,0x00000800,20.0,0.0,1290.0,0x00000996,0.0,55.0,6.0,0x00006037,162.125.8.7,10.145.31.196,32.0,1238.0,443.0,59583.0,1.0,158.0,0.0,0.0,58.0,0x00004563,0.0,"1,1,8",10,4190904617.0,19415860.0,,,,,,,EER
39,40,"Apr 30, 2019 19:07:17.427065000 CDT",68,68,4,1,6,98:f1:70:7c:4b:27,0000,0x00000800,20.0,0.0,52.0,0x0000b59b,0.0,64.0,6.0,0x0000b04f,10.145.31.196,162.125.8.7,32.0,0.0,59583.0,443.0,158.0,1239.0,0.0,0.0,354.0,0x0000d4ff,0.0,"1,1,8",10,19415864.0,4190904617.0,,,,,,,EER
40,41,"Apr 30, 2019 19:07:17.427094000 CDT",1306,68,0,1,6,00:6c:bc:1c:5f:b9,0000,0x00000800,20.0,0.0,1290.0,0x00000997,0.0,55.0,6.0,0x00006036,162.125.8.7,10.145.31.196,32.0,1238.0,443.0,59583.0,1239.0,158.0,0.0,0.0,58.0,0x0000bce2,0.0,"1,1,8",10,4190904617.0,19415860.0,,,,,,,EER
41,42,"Apr 30, 2019 19:07:17.427152000 CDT",68,68,4,1,6,98:f1:70:7c:4b:27,0000,0x00000800,20.0,0.0,52.0,0x0000b59c,0.0,64.0,6.0,0x0000b04e,10.145.31.196,162.125.8.7,32.0,0.0,59583.0,443.0,158.0,2477.0,0.0,0.0,365.0,0x0000d4ff,0.0,"1,1,8",10,19415864.0,4190904617.0,,,,,,,EER
42,43,"Apr 30, 2019 19:07:17.427177000 CDT",1306,68,0,1,6,00:6c:bc:1c:5f:b9,0000,0x00000800,20.0,0.0,1290.0,0x00000998,0.0,55.0,6.0,0x00006035,162.125.8.7,10.145.31.196,32.0,1238.0,443.0,59583.0,2477.0,158.0,0.0,0.0,58.0,0x0000e181,0.0,"1,1,8",10,4190904617.0,19415860.0,,,,,,,EER
43,44,"Apr 30, 2019 19:07:17.427226000 CDT",68,68,4,1,6,98:f1:70:7c:4b:27,0000,0x00000800,20.0,0.0,52.0,0x0000b59d,0.0,64.0,6.0,0x0000b04d,10.145.31.196,162.125.8.7,32.0,0.0,59583.0,443.0,158.0,3715.0,0.0,0.0,377.0,0x0000d4ff,0.0,"1,1,8",10,19415864.0,4190904617.0,,,,,,,EER
44,45,"Apr 30, 2019 19:07:17.427250000 CDT",719,68,0,1,6,00:6c:bc:1c:5f:b9,0000,0x00000800,20.0,0.0,703.0,0x00000999,0.0,55.0,6.0,0x0000627f,162.125.8.7,10.145.31.196,32.0,651.0,443.0,59583.0,3715.0,158.0,0.0,0.0,58.0,0x00004815,0.0,"1,1,8",10,4190904617.0,19415860.0,,,,,,,EER
45,46,"Apr 30, 2019 19:07:17.427303000 CDT",68,68,4,1,6,98:f1:70:7c:4b:27,0000,0x00000800,20.0,0.0,52.0,0x0000b59e,0.0,64.0,6.0,0x0000b04c,10.145.31.196,162.125.8.7,32.0,0.0,59583.0,443.0,158.0,4366.0,0.0,0.0,386.0,0x0000d4ff,0.0,"1,1,8",10,19415864.0,4190904617.0,,,,,,,EER
46,47,"Apr 30, 2019 19:07:17.427332000 CDT",1306,68,0,1,6,00:6c:bc:1c:5f:b9,0000,0x00000800,20.0,0.0,1290.0,0x00003a64,0.0,55.0,6.0,0x00002f69,162.125.8.7,10.145.31.196,32.0,1238.0,443.0,59582.0,2477.0,158.0,0.0,0.0,58.0,0x0000deec,0.0,"1,1,8",10,4190904617.0,19415860.0,,,,,,,EER
47,48,"Apr 30, 2019 19:07:17.427381000 CDT",68,68,4,1,6,98:f1:70:7c:4b:27,0000,0x00000800,20.0,0.0,52.0,0x00009f70,0.0,64.0,6.0,0x0000c67a,10.145.31.196,162.125.8.7,32.0,0.0,59582.0,443.0,158.0,3715.0,0.0,0.0,377.0,0x0000d4ff,0.0,"1,1,8",10,19415864.0,4190904617.0,,,,,,,EER
48,49,"Apr 30, 2019 19:07:17.427404000 CDT",719,68,0,1,6,00:6c:bc:1c:5f:b9,0000,0x00000800,20.0,0.0,703.0,0x00003a65,0.0,55.0,6.0,0x000031b3,162.125.8.7,10.145.31.196,32.0,651.0,443.0,59582.0,3715.0,158.0,0.0,0.0,58.0,0x0000b9c9,0.0,"1,1,8",10,4190904617.0,19415860.0,,,,,,,EER
49,50,"Apr 30, 2019 19:07:17.427458000 CDT",68,68,4,1,6,98:f1:70:7c:4b:27,0000,0x00000800,20.0,0.0,52.0,0x00009f71,0.0,64.0,6.0,0x0000c679,10.145.31.196,162.125.8.7,32.0,0.0,59582.0,443.0,158.0,4366.0,0.0,0.0,386.0,0x0000d4ff,0.0,"1,1,8",10,19415864.0,4190904617.0,,,,,,,EER
50,51,"Apr 30, 2019 19:07:17.428406000 CDT",1306,68,0,1,6,00:6c:bc:1c:5f:b9,0000,0x00000800,20.0,0.0,1290.0,0x00001976,0.0,55.0,6.0,0x00005057,162.125.8.7,10.145.31.196,32.0,1238.0,443.0,59581.0,1.0,158.0,0.0,0.0,58.0,0x00001739,0.0,"1,1,8",10,4190904619.0,19415861.0,,,,,,,EER
51,52,"Apr 30, 2019 19:07:17.428499000 CDT",68,68,4,1,6,98:f1:70:7c:4b:27,0000,0x00000800,20.0,0.0,52.0,0x000001c9,0.0,64.0,6.0,0x00006422,10.145.31.196,162.125.8.7,32.0,0.0,59581.0,443.0,158.0,1239.0,0.0,0.0,354.0,0x0000d4ff,0.0,"1,1,8",10,19415864.0,4190904619.0,,,,,,,EER
52,53,"Apr 30, 2019 19:07:17.428977000 CDT",1306,68,0,1,6,00:6c:bc:1c:5f:b9,0000,0x00000800,20.0,0.0,1290.0,0x00001977,0.0,55.0,6.0,0x00005056,162.125.8.7,10.145.31.196,32.0,1238.0,443.0,59581.0,1239.0,158.0,0.0,0.0,58.0,0x0000eb58,0.0,"1,1,8",10,4190904619.0,19415861.0,,,,,,,EER
53,54,"Apr 30, 2019 19:07:17.429048000 CDT",68,68,4,1,6,98:f1:70:7c:4b:27,0000,0x00000800,20.0,0.0,52.0,0x000001ca,0.0,64.0,6.0,0x00006421,10.145.31.196,162.125.8.7,32.0,0.0,59581.0,443.0,158.0,2477.0,0.0,0.0,365.0,0x0000d4ff,0.0,"1,1,8",10,19415865.0,4190904619.0,,,,,,,EER
54,55,"Apr 30, 2019 19:07:17.429079000 CDT",1306,68,0,1,6,00:6c:bc:1c:5f:b9,0000,0x00000800,20.0,0.0,1290.0,0x00001978,0.0,55.0,6.0,0x00005055,162.125.8.7,10.145.31.196,32.0,1238.0,443.0,59581.0,2477.0,158.0,0.0,0.0,58.0,0x00000ff8,0.0,"1,1,8",10,4190904619.0,19415861.0,,,,,,,EER
55,56,"Apr 30, 2019 19:07:17.429133000 CDT",68,68,4,1,6,98:f1:70:7c:4b:27,0000,0x00000800,20.0,0.0,52.0,0x000001cb,0.0,64.0,6.0,0x00006420,10.145.31.196,162.125.8.7,32.0,0.0,59581.0,443.0,158.0,3715.0,0.0,0.0,377.0,0x0000d4ff,0.0,"1,1,8",10,19415865.0,4190904619.0,,,,,,,EER
56,57,"Apr 30, 2019 19:07:17.429154000 CDT",719,68,0,1,6,00:6c:bc:1c:5f:b9,0000,0x00000800,20.0,0.0,703.0,0x00001979,0.0,55.0,6.0,0x0000529f,162.125.8.7,10.145.31.196,32.0,651.0,443.0,59581.0,3715.0,158.0,0.0,0.0,58.0,0x0000fe21,0.0,"1,1,8",10,4190904619.0,19415861.0,,,,,,,EER
57,58,"Apr 30, 2019 19:07:17.429201000 CDT",68,68,4,1,6,98:f1:70:7c:4b:27,0000,0x00000800,20.0,0.0,52.0,0x000001cc,0.0,64.0,6.0,0x0000641f,10.145.31.196,162.125.8.7,32.0,0.0,59581.0,443.0,158.0,4366.0,0.0,0.0,386.0,0x0000d4ff,0.0,"1,1,8",10,19415865.0,4190904619.0,,,,,,,EER
58,59,"Apr 30, 2019 19:07:17.429230000 CDT",1306,68,0,1,6,00:6c:bc:1c:5f:b9,0000,0x00000800,20.0,0.0,1290.0,0x000096aa,0.0,55.0,6.0,0x0000d322,162.125.8.7,10.145.31.196,32.0,1238.0,443.0,59585.0,1.0,158.0,0.0,0.0,58.0,0x00004549,0.0,"1,1,8",10,4190904619.0,19415861.0,,,,,,,EER
59,60,"Apr 30, 2019 19:07:17.429284000 CDT",68,68,4,1,6,98:f1:70:7c:4b:27,0000,0x00000800,20.0,0.0,52.0,0x00006856,0.0,64.0,6.0,0x0000fd94,10.145.31.196,162.125.8.7,32.0,0.0,59585.0,443.0,158.0,1239.0,0.0,0.0,354.0,0x0000d4ff,0.0,"1,1,8",10,19415865.0,4190904619.0,,,,,,,EER
60,61,"Apr 30, 2019 19:07:17.429309000 CDT",1306,68,0,1,6,00:6c:bc:1c:5f:b9,0000,0x00000800,20.0,0.0,1290.0,0x000096ab,0.0,55.0,6.0,0x0000d321,162.125.8.7,10.145.31.196,32.0,1238.0,443.0,59585.0,1239.0,158.0,0.0,0.0,58.0,0x00009c2a,0.0,"1,1,8",10,4190904619.0,19415861.0,,,,,,,EER
61,62,"Apr 30, 2019 19:07:17.429361000 CDT",68,68,4,1,6,98:f1:70:7c:4b:27,0000,0x00000800,20.0,0.0,52.0,0x00006857,0.0,64.0,6.0,0x0000fd93,10.145.31.196,162.125.8.7,32.0,0.0,59585.0,443.0,158.0,2477.0,0.0,0.0,365.0,0x0000d4ff,0.0,"1,1,8",10,19415865.0,4190904619.0,,,,,,,EER
62,63,"Apr 30, 2019 19:07:17.429381000 CDT",1306,68,0,1,6,00:6c:bc:1c:5f:b9,0000,0x00000800,20.0,0.0,1290.0,0x000096ac,0.0,55.0,6.0,0x0000d320,162.125.8.7,10.145.31.196,32.0,1238.0,443.0,59585.0,2477.0,158.0,0.0,0.0,58.0,0x0000c0c9,0.0,"1,1,8",10,4190904619.0,19415861.0,,,,,,,EER
63,64,"Apr 30, 2019 19:07:17.429431000 CDT",68,68,4,1,6,98:f1:70:7c:4b:27,0000,0x00000800,20.0,0.0,52.0,0x00006858,0.0,64.0,6.0,0x0000fd92,10.145.31.196,162.125.8.7,32.0,0.0,59585.0,443.0,158.0,3715.0,0.0,0.0,377.0,0x0000d4ff,0.0,"1,1,8",10,19415865.0,4190904619.0,,,,,,,EER
64,65,"Apr 30, 2019 19:07:17.429451000 CDT",719,68,0,1,6,00:6c:bc:1c:5f:b9,0000,0x00000800,20.0,0.0,703.0,0x000096ad,0.0,55.0,6.0,0x0000d56a,162.125.8.7,10.145.31.196,32.0,651.0,443.0,59585.0,3715.0,158.0,0.0,0.0,58.0,0x0000f743,0.0,"1,1,8",10,4190904619.0,19415861.0,,,,,,,EER
65,66,"Apr 30, 2019 19:07:17.429543000 CDT",68,68,4,1,6,98:f1:70:7c:4b:27,0000,0x00000800,20.0,0.0,52.0,0x00006859,0.0,64.0,6.0,0x0000fd91,10.145.31.196,162.125.8.7,32.0,0.0,59585.0,443.0,158.0,4366.0,0.0,0.0,386.0,0x0000d4ff,0.0,"1,1,8",10,19415865.0,4190904619.0,,,,,,,EER
66,67,"Apr 30, 2019 19:07:17.430502000 CDT",1306,68,0,1,6,00:6c:bc:1c:5f:b9,0000,0x00000800,20.0,0.0,1290.0,0x00000544,0.0,55.0,6.0,0x00006489,162.125.8.7,10.145.31.196,32.0,1238.0,443.0,59584.0,1.0,158.0,0.0,0.0,58.0,0x00001108,0.0,"1,1,8",10,4190904621.0,19415861.0,,,,,,,EER
67,68,"Apr 30, 2019 19:07:17.430577000 CDT",68,68,4,1,6,98:f1:70:7c:4b:27,0000,0x00000800,20.0,0.0,52.0,0x0000a79c,0.0,64.0,6.0,0x0000be4e,10.145.31.196,162.125.8.7,32.0,0.0,59584.0,443.0,158.0,1239.0,0.0,0.0,354.0,0x0000d4ff,0.0,"1,1,8",10,19415865.0,4190904621.0,,,,,,,EER
68,69,"Apr 30, 2019 19:07:17.430649000 CDT",1306,68,0,1,6,00:6c:bc:1c:5f:b9,0000,0x00000800,20.0,0.0,1290.0,0x00000545,0.0,55.0,6.0,0x00006488,162.125.8.7,10.145.31.196,32.0,1238.0,443.0,59584.0,1239.0,158.0,0.0,0.0,58.0,0x00002873,0.0,"1,1,8",10,4190904621.0,19415861.0,,,,,,,EER
69,70,"Apr 30, 2019 19:07:17.430708000 CDT",68,68,4,1,6,98:f1:70:7c:4b:27,0000,0x00000800,20.0,0.0,52.0,0x0000a79d,0.0,64.0,6.0,0x0000be4d,10.145.31.196,162.125.8.7,32.0,0.0,59584.0,443.0,158.0,2477.0,0.0,0.0,365.0,0x0000d4ff,0.0,"1,1,8",10,19415865.0,4190904621.0,,,,,,,EER
70,71,"Apr 30, 2019 19:07:17.430723000 CDT",1306,68,0,1,6,00:6c:bc:1c:5f:b9,0000,0x00000800,20.0,0.0,1290.0,0x00000546,0.0,55.0,6.0,0x00006487,162.125.8.7,10.145.31.196,32.0,1238.0,443.0,59584.0,2477.0,158.0,0.0,0.0,58.0,0x00004d12,0.0,"1,1,8",10,4190904621.0,19415861.0,,,,,,,EER
71,72,"Apr 30, 2019 19:07:17.430771000 CDT",68,68,4,1,6,98:f1:70:7c:4b:27,0000,0x00000800,20.0,0.0,52.0,0x0000a79e,0.0,64.0,6.0,0x0000be4c,10.145.31.196,162.125.8.7,32.0,0.0,59584.0,443.0,158.0,3715.0,0.0,0.0,377.0,0x0000d4ff,0.0,"1,1,8",10,19415865.0,4190904621.0,,,,,,,EER
72,73,"Apr 30, 2019 19:07:17.430785000 CDT",719,68,0,1,6,00:6c:bc:1c:5f:b9,0000,0x00000800,20.0,0.0,703.0,0x00000547,0.0,55.0,6.0,0x000066d1,162.125.8.7,10.145.31.196,32.0,651.0,443.0,59584.0,3715.0,158.0,0.0,0.0,58.0,0x0000f44e,0.0,"1,1,8",10,4190904621.0,19415861.0,,,,,,,EER
73,74,"Apr 30, 2019 19:07:17.430833000 CDT",68,68,4,1,6,98:f1:70:7c:4b:27,0000,0x00000800,20.0,0.0,52.0,0x0000a79f,0.0,64.0,6.0,0x0000be4b,10.145.31.196,162.125.8.7,32.0,0.0,59584.0,443.0,158.0,4366.0,0.0,0.0,386.0,0x0000d4ff,0.0,"1,1,8",10,19415865.0,4190904621.0,,,,,,,EER
74,75,"Apr 30, 2019 19:07:17.450300000 CDT",161,68,4,1,6,98:f1:70:7c:4b:27,0000,0x00000800,20.0,0.0,145.0,0x000001cd,0.0,64.0,6.0,0x000063c1,10.145.31.196,162.125.8.7,32.0,93.0,59581.0,443.0,158.0,4366.0,0.0,0.0,386.0,0x0000f2e1,0.0,"1,1,8",10,19415871.0,4190904619.0,,,,,,,EER
75,76,"Apr 30, 2019 19:07:17.458546000 CDT",161,68,4,1,6,98:f1:70:7c:4b:27,0000,0x00000800,20.0,0.0,145.0,0x00009f72,0.0,64.0,6.0,0x0000c61b,10.145.31.196,162.125.8.7,32.0,93.0,59582.0,443.0,158.0,4366.0,0.0,0.0,386.0,0x00001ab9,0.0,"1,1,8",10,19415873.0,4190904617.0,,,,,,,EER
76,77,"Apr 30, 2019 19:07:17.459383000 CDT",119,68,0,1,6,00:6c:bc:1c:5f:b9,0000,0x00000800,20.0,0.0,103.0,0x0000197a,0.0,55.0,6.0,0x000054f6,162.125.8.7,10.145.31.196,32.0,51.0,443.0,59581.0,4366.0,251.0,0.0,0.0,58.0,0x0000eb01,0.0,"1,1,8",10,4190904651.0,19415871.0,,,,,,,EER
77,78,"Apr 30, 2019 19:07:17.461532000 CDT",577,68,4,1,6,98:f1:70:7c:4b:27,0000,0x00000800,20.0,0.0,561.0,0x000001ce,0.0,64.0,6.0,0x00006220,10.145.31.196,162.125.8.7,32.0,509.0,59581.0,443.0,251.0,4417.0,0.0,0.0,386.0,0x0000c3f6,0.0,"1,1,8",10,19415874.0,4190904651.0,,,,,,,EER
78,79,"Apr 30, 2019 19:07:17.463749000 CDT",161,68,4,1,6,98:f1:70:7c:4b:27,0000,0x00000800,20.0,0.0,145.0,0x0000b59f,0.0,64.0,6.0,0x0000afee,10.145.31.196,162.125.8.7,32.0,93.0,59583.0,443.0,158.0,4366.0,0.0,0.0,386.0,0x00005e8c,0.0,"1,1,8",10,19415875.0,4190904617.0,,,,,,,EER
79,80,"Apr 30, 2019 19:07:17.467940000 CDT",119,68,0,1,6,00:6c:bc:1c:5f:b9,0000,0x00000800,20.0,0.0,103.0,0x00003a66,0.0,55.0,6.0,0x0000340a,162.125.8.7,10.145.31.196,32.0,51.0,443.0,59582.0,4366.0,251.0,0.0,0.0,58.0,0x0000a40a,0.0,"1,1,8",10,4190904659.0,19415873.0,,,,,,,EER
80,81,"Apr 30, 2019 19:07:17.469190000 CDT",161,68,4,1,6,98:f1:70:7c:4b:27,0000,0x00000800,20.0,0.0,145.0,0x0000a7a0,0.0,64.0,6.0,0x0000bded,10.145.31.196,162.125.8.7,32.0,93.0,59584.0,443.0,158.0,4366.0,0.0,0.0,386.0,0x0000ce76,0.0,"1,1,8",10,19415877.0,4190904621.0,,,,,,,EER
81,82,"Apr 30, 2019 19:07:17.470053000 CDT",574,68,4,1,6,98:f1:70:7c:4b:27,0000,0x00000800,20.0,0.0,558.0,0x00009f73,0.0,64.0,6.0,0x0000c47d,10.145.31.196,162.125.8.7,32.0,506.0,59582.0,443.0,251.0,4417.0,0.0,0.0,386.0,0x00006bca,0.0,"1,1,8",10,19415877.0,4190904659.0,,,,,,,EER
82,83,"Apr 30, 2019 19:07:17.470650000 CDT",161,68,4,1,6,98:f1:70:7c:4b:27,0000,0x00000800,20.0,0.0,145.0,0x0000685a,0.0,64.0,6.0,0x0000fd33,10.145.31.196,162.125.8.7,32.0,93.0,59585.0,443.0,158.0,4366.0,0.0,0.0,386.0,0x0000f21b,0.0,"1,1,8",10,19415877.0,4190904619.0,,,,,,,EER
83,84,"Apr 30, 2019 19:07:17.472980000 CDT",119,68,0,1,6,00:6c:bc:1c:5f:b9,0000,0x00000800,20.0,0.0,103.0,0x0000099a,0.0,55.0,6.0,0x000064d6,162.125.8.7,10.145.31.196,32.0,51.0,443.0,59583.0,4366.0,251.0,0.0,0.0,58.0,0x0000b1f9,0.0,"1,1,8",10,4190904664.0,19415875.0,,,,,,,EER
84,85,"Apr 30, 2019 19:07:17.474611000 CDT",849,68,4,1,6,98:f1:70:7c:4b:27,0000,0x00000800,20.0,0.0,833.0,0x0000b5a0,0.0,64.0,6.0,0x0000ad3d,10.145.31.196,162.125.8.7,32.0,781.0,59583.0,443.0,251.0,4417.0,0.0,0.0,386.0,0x0000f12c,0.0,"1,1,8",10,19415878.0,4190904664.0,,,,,,,EER
85,86,"Apr 30, 2019 19:07:17.478687000 CDT",119,68,0,1,6,00:6c:bc:1c:5f:b9,0000,0x00000800,20.0,0.0,103.0,0x00000548,0.0,55.0,6.0,0x00006928,162.125.8.7,10.145.31.196,32.0,51.0,443.0,59584.0,4366.0,251.0,0.0,0.0,58.0,0x0000b36c,0.0,"1,1,8",10,4190904670.0,19415877.0,,,,,,,EER
86,87,"Apr 30, 2019 19:07:17.478767000 CDT",68,68,4,1,6,98:f1:70:7c:4b:27,0000,0x00000800,20.0,0.0,52.0,0x0000a7a1,0.0,64.0,6.0,0x0000be49,10.145.31.196,162.125.8.7,32.0,0.0,59584.0,443.0,251.0,4417.0,0.0,0.0,386.0,0x0000d4ff,0.0,"1,1,8",10,19415880.0,4190904670.0,,,,,,,EER
87,88,"Apr 30, 2019 19:07:17.480049000 CDT",119,68,0,1,6,00:6c:bc:1c:5f:b9,0000,0x00000800,20.0,0.0,103.0,0x000096ae,0.0,55.0,6.0,0x0000d7c1,162.125.8.7,10.145.31.196,32.0,51.0,443.0,59585.0,4366.0,251.0,0.0,0.0,58.0,0x0000e3e4,0.0,"1,1,8",10,4190904671.0,19415877.0,,,,,,,EER
88,89,"Apr 30, 2019 19:07:17.480125000 CDT",68,68,4,1,6,98:f1:70:7c:4b:27,0000,0x00000800,20.0,0.0,52.0,0x0000685b,0.0,64.0,6.0,0x0000fd8f,10.145.31.196,162.125.8.7,32.0,0.0,59585.0,443.0,251.0,4417.0,0.0,0.0,386.0,0x0000d4ff,0.0,"1,1,8",10,19415880.0,4190904671.0,,,,,,,EER
89,90,"Apr 30, 2019 19:07:17.480574000 CDT",599,68,4,1,6,98:f1:70:7c:4b:27,0000,0x00000800,20.0,0.0,583.0,0x0000a7a2,0.0,64.0,6.0,0x0000bc35,10.145.31.196,162.125.8.7,32.0,531.0,59584.0,443.0,251.0,4417.0,0.0,0.0,386.0,0x0000c979,0.0,"1,1,8",10,19415880.0,4190904670.0,,,,,,,EER
90,91,"Apr 30, 2019 19:07:17.481682000 CDT",575,68,4,1,6,98:f1:70:7c:4b:27,0000,0x00000800,20.0,0.0,559.0,0x0000685c,0.0,64.0,6.0,0x0000fb93,10.145.31.196,162.125.8.7,32.0,507.0,59585.0,443.0,251.0,4417.0,0.0,0.0,386.0,0x00008567,0.0,"1,1,8",10,19415880.0,4190904671.0,,,,,,,EER
91,92,"Apr 30, 2019 19:07:17.510428000 CDT",68,68,0,1,6,00:6c:bc:1c:5f:b9,0000,0x00000800,20.0,0.0,52.0,0x0000197b,0.0,55.0,6.0,0x00005528,162.125.8.7,10.145.31.196,32.0,0.0,443.0,59581.0,4417.0,760.0,0.0,0.0,60.0,0x00009f0c,0.0,"1,1,8",10,4190904702.0,19415874.0,,,,,,,EER
92,93,"Apr 30, 2019 19:07:17.526658000 CDT",68,68,0,1,6,00:6c:bc:1c:5f:b9,0000,0x00000800,20.0,0.0,52.0,0x00003a67,0.0,55.0,6.0,0x0000343c,162.125.8.7,10.145.31.196,32.0,0.0,443.0,59582.0,4417.0,757.0,0.0,0.0,60.0,0x00006dee,0.0,"1,1,8",10,4190904718.0,19415877.0,,,,,,,EER
93,94,"Apr 30, 2019 19:07:17.526709000 CDT",68,68,0,1,6,00:6c:bc:1c:5f:b9,0000,0x00000800,20.0,0.0,52.0,0x0000099b,0.0,55.0,6.0,0x00006508,162.125.8.7,10.145.31.196,32.0,0.0,443.0,59583.0,4417.0,1032.0,0.0,0.0,61.0,0x00006f6e,0.0,"1,1,8",10,4190904718.0,19415878.0,,,,,,,EER
94,95,"Apr 30, 2019 19:07:17.534782000 CDT",68,68,0,1,6,00:6c:bc:1c:5f:b9,0000,0x00000800,20.0,0.0,52.0,0x00000549,0.0,55.0,6.0,0x0000695a,162.125.8.7,10.145.31.196,32.0,0.0,443.0,59584.0,4417.0,782.0,0.0,0.0,60.0,0x0000dbf4,0.0,"1,1,8",10,4190904726.0,19415880.0,,,,,,,EER
95,96,"Apr 30, 2019 19:07:17.534843000 CDT",68,68,0,1,6,00:6c:bc:1c:5f:b9,0000,0x00000800,20.0,0.0,52.0,0x000096af,0.0,55.0,6.0,0x0000d7f3,162.125.8.7,10.145.31.196,32.0,0.0,443.0,59585.0,4417.0,758.0,0.0,0.0,60.0,0x00004fc2,0.0,"1,1,8",10,4190904726.0,19415880.0,,,,,,,EER
96,97,"Apr 30, 2019 19:07:17.535592000 CDT",538,68,0,1,6,00:6c:bc:1c:5f:b9,0000,0x00000800,20.0,0.0,522.0,0x0000197c,0.0,55.0,6.0,0x00005351,162.125.8.7,10.145.31.196,32.0,470.0,443.0,59581.0,4417.0,760.0,0.0,0.0,60.0,0x0000351d,0.0,"1,1,8",10,4190904727.0,19415874.0,,,,,,,EER
97,98,"Apr 30, 2019 19:07:17.535650000 CDT",102,68,0,1,6,00:6c:bc:1c:5f:b9,0000,0x00000800,20.0,0.0,86.0,0x0000197d,0.0,55.0,6.0,0x00005504,162.125.8.7,10.145.31.196,32.0,34.0,443.0,59581.0,4887.0,760.0,0.0,0.0,60.0,0x000087b0,0.0,"1,1,8",10,4190904727.0,19415874.0,,,,,,,EER
98,99,"Apr 30, 2019 19:07:17.540211000 CDT",68,68,4,1,6,98:f1:70:7c:4b:27,0000,0x00000800,20.0,0.0,52.0,0x000001cf,0.0,64.0,6.0,0x0000641c,10.145.31.196,162.125.8.7,32.0,0.0,59581.0,443.0,760.0,4921.0,0.0,0.0,396.0,0x0000d4ff,0.0,"1,1,8",10,19415898.0,4190904727.0,,,,,,,EER
99,100,"Apr 30, 2019 19:07:17.577296000 CDT",611,68,0,1,6,00:6c:bc:1c:5f:b9,0000,0x00000800,20.0,0.0,595.0,0x00003a68,0.0,55.0,6.0,0x0000321c,162.125.8.7,10.145.31.196,32.0,543.0,443.0,59582.0,4417.0,757.0,0.0,0.0,60.0,0x0000b3d5,0.0,"1,1,8",10,4190904768.0,19415877.0,,,,,,,EER
